/*
Navicat MySQL Data Transfer

Source Server         : local-mysql
Source Server Version : 80012
Source Host           : localhost:3306
Source Database       : acldb

Target Server Type    : MYSQL
Target Server Version : 80012
File Encoding         : 65001

Date: 2021-04-28 00:43:20
*/

SET FOREIGN_KEY_CHECKS=0;

-- ----------------------------
-- Table structure for acl_permission
-- ----------------------------
DROP TABLE IF EXISTS `acl_permission`;
CREATE TABLE `acl_permission` (
  `id` char(19) NOT NULL DEFAULT '' COMMENT '编号',
  `pid` char(19) NOT NULL DEFAULT '' COMMENT '所属上级',
  `name` varchar(20) NOT NULL DEFAULT '' COMMENT '名称',
  `type` tinyint(3) NOT NULL DEFAULT '0' COMMENT '类型(1:菜单,2:按钮)',
  `permission_value` varchar(50) DEFAULT NULL COMMENT '权限值',
  `path` varchar(100) DEFAULT NULL COMMENT '访问路径',
  `component` varchar(100) DEFAULT NULL COMMENT '组件路径',
  `icon` varchar(50) DEFAULT NULL COMMENT '图标',
  `status` tinyint(4) DEFAULT NULL COMMENT '状态(0:禁止,1:正常)',
  `is_deleted` tinyint(1) unsigned NOT NULL DEFAULT '0' COMMENT '逻辑删除 1（true）已删除， 0（false）未删除',
  `gmt_create` datetime DEFAULT NULL COMMENT '创建时间',
  `gmt_modified` datetime DEFAULT NULL COMMENT '更新时间',
  PRIMARY KEY (`id`),
  KEY `idx_pid` (`pid`)
) ENGINE=InnoDB DEFAULT CHARSET=utf8mb4 COLLATE=utf8mb4_general_ci COMMENT='权限';

-- ----------------------------
-- Records of acl_permission
-- ----------------------------
INSERT INTO `acl_permission` VALUES ('1', '0', '全部数据', '0', null, null, null, null, null, '0', '2019-11-15 17:13:06', '2019-11-15 17:13:06');
INSERT INTO `acl_permission` VALUES ('1195268474480156673', '1', '权限管理', '1', null, '/acl', 'Layout', null, null, '0', '2019-11-15 17:13:06', '2019-11-18 13:54:25');
INSERT INTO `acl_permission` VALUES ('1195268616021139457', '1195268474480156673', '用户管理', '1', null, 'user/list', '/acl/user/list', null, null, '0', '2019-11-15 17:13:40', '2019-11-18 13:53:12');
INSERT INTO `acl_permission` VALUES ('1195268788138598401', '1195268474480156673', '角色管理', '1', null, 'role/list', '/acl/role/list', null, null, '0', '2019-11-15 17:14:21', '2019-11-15 17:14:21');
INSERT INTO `acl_permission` VALUES ('1195268893830864898', '1195268474480156673', '菜单管理', '1', null, 'menu/list', '/acl/menu/list', null, null, '0', '2019-11-15 17:14:46', '2019-11-15 17:14:46');
INSERT INTO `acl_permission` VALUES ('1195269143060602882', '1195268616021139457', '查看', '2', 'user.list', '', '', null, null, '0', '2019-11-15 17:15:45', '2019-11-17 21:57:16');
INSERT INTO `acl_permission` VALUES ('1195269295926206466', '1195268616021139457', '添加', '2', 'user.add', 'user/add', '/acl/user/form', null, null, '0', '2019-11-15 17:16:22', '2019-11-15 17:16:22');
INSERT INTO `acl_permission` VALUES ('1195269473479483394', '1195268616021139457', '修改', '2', 'user.update', 'user/update/:id', '/acl/user/form', null, null, '0', '2019-11-15 17:17:04', '2019-11-15 17:17:04');
INSERT INTO `acl_permission` VALUES ('1195269547269873666', '1195268616021139457', '删除', '2', 'user.remove', '', '', null, null, '0', '2019-11-15 17:17:22', '2019-11-15 17:17:22');
INSERT INTO `acl_permission` VALUES ('1195269821262782465', '1195268788138598401', '修改', '2', 'role.update', 'role/update/:id', '/acl/role/form', null, null, '0', '2019-11-15 17:18:27', '2019-11-15 17:19:53');
INSERT INTO `acl_permission` VALUES ('1195269903542444034', '1195268788138598401', '查看', '2', 'role.list', '', '', null, null, '0', '2019-11-15 17:18:47', '2019-11-15 17:18:47');
INSERT INTO `acl_permission` VALUES ('1195270037005197313', '1195268788138598401', '添加', '2', 'role.add', 'role/add', '/acl/role/form', null, null, '0', '2019-11-15 17:19:19', '2019-11-18 11:05:42');
INSERT INTO `acl_permission` VALUES ('1195270442602782721', '1195268788138598401', '删除', '2', 'role.remove', '', '', null, null, '0', '2019-11-15 17:20:55', '2019-11-15 17:20:55');
INSERT INTO `acl_permission` VALUES ('1195270621548568578', '1195268788138598401', '角色权限', '2', 'role.acl', 'role/distribution/:id', '/acl/role/roleForm', null, null, '0', '2019-11-15 17:21:38', '2019-11-15 17:21:38');
INSERT INTO `acl_permission` VALUES ('1195270744097742849', '1195268893830864898', '查看', '2', 'permission.list', '', '', null, null, '0', '2019-11-15 17:22:07', '2019-11-15 17:22:07');
INSERT INTO `acl_permission` VALUES ('1195270810560684034', '1195268893830864898', '添加', '2', 'permission.add', '', '', null, null, '0', '2019-11-15 17:22:23', '2019-11-15 17:22:23');
INSERT INTO `acl_permission` VALUES ('1195270862100291586', '1195268893830864898', '修改', '2', 'permission.update', '', '', null, null, '0', '2019-11-15 17:22:35', '2019-11-15 17:22:35');
INSERT INTO `acl_permission` VALUES ('1195270887933009922', '1195268893830864898', '删除', '2', 'permission.remove', '', '', null, null, '0', '2019-11-15 17:22:41', '2019-11-15 17:22:41');
INSERT INTO `acl_permission` VALUES ('1196301740985311234', '1195268616021139457', '分配角色', '2', 'user.assgin', 'user/role/:id', '/acl/user/roleForm', null, null, '0', '2019-11-18 13:38:56', '2019-11-18 13:38:56');
INSERT INTO `acl_permission` VALUES ('1386237646725828610', '1', '流程管理', '1', null, '/activiti', 'Layout', null, null, '0', '2021-04-25 16:36:25', '2021-04-25 16:36:25');
INSERT INTO `acl_permission` VALUES ('1386238020870328321', '1386237646725828610', '流程定义', '1', null, 'definition/list', '/activiti/definition/list', null, null, '0', '2021-04-25 16:37:54', '2021-04-26 15:19:51');
INSERT INTO `acl_permission` VALUES ('1386238201875517442', '1386238020870328321', '添加', '2', 'definition.add', '', '', null, null, '0', '2021-04-25 16:38:37', '2021-04-25 16:38:37');
INSERT INTO `acl_permission` VALUES ('1386238378157920257', '1386238020870328321', '查看', '2', 'definition.list', '', '', null, null, '0', '2021-04-25 16:39:19', '2021-04-25 16:39:19');
INSERT INTO `acl_permission` VALUES ('1386238436244836354', '1386238020870328321', '修改', '2', 'definition.update', '', '', null, null, '0', '2021-04-25 16:39:33', '2021-04-25 16:39:43');
INSERT INTO `acl_permission` VALUES ('1386238544986361857', '1386238020870328321', '删除', '2', 'definition.remove', '', '', null, null, '0', '2021-04-25 16:39:59', '2021-04-25 16:39:59');
INSERT INTO `acl_permission` VALUES ('1386579173251551233', '1386237646725828610', '流程实例', '1', null, 'instance/list', '/activiti/instance/list', null, null, '0', '2021-04-26 15:13:31', '2021-04-26 15:13:31');
INSERT INTO `acl_permission` VALUES ('1386580432440332289', '1386579173251551233', '添加', '2', 'instance.add', '', '', null, null, '0', '2021-04-26 15:18:31', '2021-04-26 15:18:31');
INSERT INTO `acl_permission` VALUES ('1386580485737353218', '1386579173251551233', '查看', '2', 'instance.list', '', '', null, null, '0', '2021-04-26 15:18:44', '2021-04-26 15:18:44');
INSERT INTO `acl_permission` VALUES ('1386580527021887489', '1386579173251551233', '修改', '2', 'instance.update', '', '', null, null, '0', '2021-04-26 15:18:54', '2021-04-26 15:18:54');
INSERT INTO `acl_permission` VALUES ('1386580588145479681', '1386579173251551233', '删除', '2', 'instance.remove', '', '', null, null, '0', '2021-04-26 15:19:08', '2021-04-26 15:19:08');
INSERT INTO `acl_permission` VALUES ('1387049354191548417', '1386237646725828610', '历史任务', '1', null, 'task_history/list', '/activiti/task_history/list', null, null, '0', '2021-04-27 22:21:51', '2021-04-27 22:21:51');
INSERT INTO `acl_permission` VALUES ('1387049713223970818', '1386237646725828610', '待办任务', '1', null, 'task_todo/list', '/activiti/task_todo/list', null, null, '0', '2021-04-27 22:23:16', '2021-04-27 22:23:31');
INSERT INTO `acl_permission` VALUES ('1387050196177104897', '1387049354191548417', '查看', '2', 'task_history.list', '', '', null, null, '0', '2021-04-27 22:25:12', '2021-04-27 22:26:38');
INSERT INTO `acl_permission` VALUES ('1387050346958139393', '1387049713223970818', '查看', '2', 'task_todo.list', '', '', null, null, '0', '2021-04-27 22:25:48', '2021-04-27 22:25:48');
INSERT INTO `acl_permission` VALUES ('1387050470149042178', '1387049713223970818', '办理', '2', 'task_todo.handle', '', '', null, null, '0', '2021-04-27 22:26:17', '2021-04-27 22:26:17');

-- ----------------------------
-- Table structure for acl_role
-- ----------------------------
DROP TABLE IF EXISTS `acl_role`;
CREATE TABLE `acl_role` (
  `id` char(19) NOT NULL DEFAULT '' COMMENT '角色id',
  `role_name` varchar(20) NOT NULL DEFAULT '' COMMENT '角色名称',
  `role_code` varchar(20) DEFAULT NULL COMMENT '角色编码',
  `remark` varchar(255) DEFAULT NULL COMMENT '备注',
  `is_deleted` tinyint(1) unsigned NOT NULL DEFAULT '0' COMMENT '逻辑删除 1（true）已删除， 0（false）未删除',
  `gmt_create` datetime NOT NULL COMMENT '创建时间',
  `gmt_modified` datetime NOT NULL COMMENT '更新时间',
  PRIMARY KEY (`id`)
) ENGINE=InnoDB DEFAULT CHARSET=utf8;

-- ----------------------------
-- Records of acl_role
-- ----------------------------
INSERT INTO `acl_role` VALUES ('1', '普通管理员', null, null, '0', '2019-11-11 13:09:32', '2019-11-18 10:27:18');
INSERT INTO `acl_role` VALUES ('1193757683205607426', '课程管理员', null, null, '0', '2019-11-11 13:09:45', '2019-11-18 10:25:44');
INSERT INTO `acl_role` VALUES ('1196300996034977794', 'test', null, null, '0', '2019-11-18 13:35:58', '2019-11-18 13:35:58');

-- ----------------------------
-- Table structure for acl_role_permission
-- ----------------------------
DROP TABLE IF EXISTS `acl_role_permission`;
CREATE TABLE `acl_role_permission` (
  `id` char(19) NOT NULL DEFAULT '',
  `role_id` char(19) NOT NULL DEFAULT '',
  `permission_id` char(19) NOT NULL DEFAULT '',
  `is_deleted` tinyint(1) unsigned NOT NULL DEFAULT '0' COMMENT '逻辑删除 1（true）已删除， 0（false）未删除',
  `gmt_create` datetime NOT NULL COMMENT '创建时间',
  `gmt_modified` datetime NOT NULL COMMENT '更新时间',
  PRIMARY KEY (`id`),
  KEY `idx_role_id` (`role_id`),
  KEY `idx_permission_id` (`permission_id`)
) ENGINE=InnoDB DEFAULT CHARSET=utf8 COMMENT='角色权限';

-- ----------------------------
-- Records of acl_role_permission
-- ----------------------------
INSERT INTO `acl_role_permission` VALUES ('1387067000354066433', '1', '1386237646725828610', '0', '2021-04-27 23:31:58', '2021-04-27 23:31:58');
INSERT INTO `acl_role_permission` VALUES ('1387067000370843649', '1', '1386238020870328321', '0', '2021-04-27 23:31:58', '2021-04-27 23:31:58');
INSERT INTO `acl_role_permission` VALUES ('1387067000379232257', '1', '1386238201875517442', '0', '2021-04-27 23:31:58', '2021-04-27 23:31:58');
INSERT INTO `acl_role_permission` VALUES ('1387067000379232258', '1', '1386238378157920257', '0', '2021-04-27 23:31:58', '2021-04-27 23:31:58');
INSERT INTO `acl_role_permission` VALUES ('1387067000379232259', '1', '1386238436244836354', '0', '2021-04-27 23:31:58', '2021-04-27 23:31:58');
INSERT INTO `acl_role_permission` VALUES ('1387067000387620866', '1', '1386238544986361857', '0', '2021-04-27 23:31:58', '2021-04-27 23:31:58');
INSERT INTO `acl_role_permission` VALUES ('1387067000387620867', '1', '1386579173251551233', '0', '2021-04-27 23:31:58', '2021-04-27 23:31:58');
INSERT INTO `acl_role_permission` VALUES ('1387067000387620868', '1', '1386580432440332289', '0', '2021-04-27 23:31:58', '2021-04-27 23:31:58');
INSERT INTO `acl_role_permission` VALUES ('1387067000396009474', '1', '1386580485737353218', '0', '2021-04-27 23:31:58', '2021-04-27 23:31:58');
INSERT INTO `acl_role_permission` VALUES ('1387067000396009475', '1', '1386580527021887489', '0', '2021-04-27 23:31:58', '2021-04-27 23:31:58');
INSERT INTO `acl_role_permission` VALUES ('1387067000396009476', '1', '1386580588145479681', '0', '2021-04-27 23:31:58', '2021-04-27 23:31:58');
INSERT INTO `acl_role_permission` VALUES ('1387067000400203777', '1', '1387049354191548417', '0', '2021-04-27 23:31:58', '2021-04-27 23:31:58');
INSERT INTO `acl_role_permission` VALUES ('1387067000400203778', '1', '1387050196177104897', '0', '2021-04-27 23:31:58', '2021-04-27 23:31:58');
INSERT INTO `acl_role_permission` VALUES ('1387067000400203779', '1', '1387049713223970818', '0', '2021-04-27 23:31:58', '2021-04-27 23:31:58');
INSERT INTO `acl_role_permission` VALUES ('1387067000400203780', '1', '1387050346958139393', '0', '2021-04-27 23:31:58', '2021-04-27 23:31:58');
INSERT INTO `acl_role_permission` VALUES ('1387067000400203781', '1', '1387050470149042178', '0', '2021-04-27 23:31:58', '2021-04-27 23:31:58');

-- ----------------------------
-- Table structure for acl_user
-- ----------------------------
DROP TABLE IF EXISTS `acl_user`;
CREATE TABLE `acl_user` (
  `id` char(19) NOT NULL COMMENT '会员id',
  `username` varchar(20) NOT NULL DEFAULT '' COMMENT '微信openid',
  `password` varchar(32) NOT NULL DEFAULT '' COMMENT '密码',
  `nick_name` varchar(50) DEFAULT NULL COMMENT '昵称',
  `salt` varchar(255) DEFAULT NULL COMMENT '用户头像',
  `token` varchar(100) DEFAULT NULL COMMENT '用户签名',
  `is_deleted` tinyint(1) unsigned NOT NULL DEFAULT '0' COMMENT '逻辑删除 1（true）已删除， 0（false）未删除',
  `gmt_create` datetime NOT NULL COMMENT '创建时间',
  `gmt_modified` datetime NOT NULL COMMENT '更新时间',
  PRIMARY KEY (`id`),
  UNIQUE KEY `uk_username` (`username`)
) ENGINE=InnoDB DEFAULT CHARSET=utf8mb4 COLLATE=utf8mb4_general_ci COMMENT='用户表';

-- ----------------------------
-- Records of acl_user
-- ----------------------------
INSERT INTO `acl_user` VALUES ('1', 'admin', '96e79218965eb72c92a549dd5a330112', 'admin', '', null, '0', '2019-11-01 10:39:47', '2019-11-01 10:39:47');
INSERT INTO `acl_user` VALUES ('2', 'test', '96e79218965eb72c92a549dd5a330112', 'test', null, null, '0', '2019-11-01 16:36:07', '2019-11-01 16:40:08');

-- ----------------------------
-- Table structure for acl_user_role
-- ----------------------------
DROP TABLE IF EXISTS `acl_user_role`;
CREATE TABLE `acl_user_role` (
  `id` char(19) NOT NULL DEFAULT '' COMMENT '主键id',
  `role_id` char(19) NOT NULL DEFAULT '0' COMMENT '角色id',
  `user_id` char(19) NOT NULL DEFAULT '0' COMMENT '用户id',
  `is_deleted` tinyint(1) unsigned NOT NULL DEFAULT '0' COMMENT '逻辑删除 1（true）已删除， 0（false）未删除',
  `gmt_create` datetime NOT NULL COMMENT '创建时间',
  `gmt_modified` datetime NOT NULL COMMENT '更新时间',
  PRIMARY KEY (`id`),
  KEY `idx_role_id` (`role_id`),
  KEY `idx_user_id` (`user_id`)
) ENGINE=InnoDB DEFAULT CHARSET=utf8;

-- ----------------------------
-- Records of acl_user_role
-- ----------------------------
INSERT INTO `acl_user_role` VALUES ('1', '1', '2', '0', '2019-11-11 13:09:53', '2019-11-11 13:09:53');

-- ----------------------------
-- Table structure for act_evt_log
-- ----------------------------
DROP TABLE IF EXISTS `act_evt_log`;
CREATE TABLE `act_evt_log` (
  `LOG_NR_` bigint(20) NOT NULL AUTO_INCREMENT,
  `TYPE_` varchar(64) CHARACTER SET utf8 COLLATE utf8_bin DEFAULT NULL,
  `PROC_DEF_ID_` varchar(64) CHARACTER SET utf8 COLLATE utf8_bin DEFAULT NULL,
  `PROC_INST_ID_` varchar(64) CHARACTER SET utf8 COLLATE utf8_bin DEFAULT NULL,
  `EXECUTION_ID_` varchar(64) CHARACTER SET utf8 COLLATE utf8_bin DEFAULT NULL,
  `TASK_ID_` varchar(64) CHARACTER SET utf8 COLLATE utf8_bin DEFAULT NULL,
  `TIME_STAMP_` timestamp(3) NOT NULL DEFAULT CURRENT_TIMESTAMP(3) ON UPDATE CURRENT_TIMESTAMP(3),
  `USER_ID_` varchar(255) CHARACTER SET utf8 COLLATE utf8_bin DEFAULT NULL,
  `DATA_` longblob,
  `LOCK_OWNER_` varchar(255) CHARACTER SET utf8 COLLATE utf8_bin DEFAULT NULL,
  `LOCK_TIME_` timestamp(3) NULL DEFAULT NULL,
  `IS_PROCESSED_` tinyint(4) DEFAULT '0',
  PRIMARY KEY (`LOG_NR_`)
) ENGINE=InnoDB DEFAULT CHARSET=utf8 COLLATE=utf8_bin;

-- ----------------------------
-- Records of act_evt_log
-- ----------------------------

-- ----------------------------
-- Table structure for act_ge_bytearray
-- ----------------------------
DROP TABLE IF EXISTS `act_ge_bytearray`;
CREATE TABLE `act_ge_bytearray` (
  `ID_` varchar(64) CHARACTER SET utf8 COLLATE utf8_bin NOT NULL,
  `REV_` int(11) DEFAULT NULL,
  `NAME_` varchar(255) CHARACTER SET utf8 COLLATE utf8_bin DEFAULT NULL,
  `DEPLOYMENT_ID_` varchar(64) CHARACTER SET utf8 COLLATE utf8_bin DEFAULT NULL,
  `BYTES_` longblob,
  `GENERATED_` tinyint(4) DEFAULT NULL,
  PRIMARY KEY (`ID_`),
  KEY `ACT_FK_BYTEARR_DEPL` (`DEPLOYMENT_ID_`),
  CONSTRAINT `ACT_FK_BYTEARR_DEPL` FOREIGN KEY (`DEPLOYMENT_ID_`) REFERENCES `act_re_deployment` (`id_`)
) ENGINE=InnoDB DEFAULT CHARSET=utf8 COLLATE=utf8_bin;

-- ----------------------------
-- Records of act_ge_bytearray
-- ----------------------------
INSERT INTO `act_ge_bytearray` VALUES ('b19104be-a669-11eb-81aa-8cec4bcf93aa', '1', 'CreateWithBPMNJS.bpmn', 'b19104bd-a669-11eb-81aa-8cec4bcf93aa', 0x3C3F786D6C2076657273696F6E3D22312E302220656E636F64696E673D225554462D38223F3E0A3C62706D6E323A646566696E6974696F6E7320786D6C6E733A7873693D22687474703A2F2F7777772E77332E6F72672F323030312F584D4C536368656D612D696E7374616E63652220786D6C6E733A62706D6E323D22687474703A2F2F7777772E6F6D672E6F72672F737065632F42504D4E2F32303130303532342F4D4F44454C2220786D6C6E733A62706D6E64693D22687474703A2F2F7777772E6F6D672E6F72672F737065632F42504D4E2F32303130303532342F44492220786D6C6E733A64633D22687474703A2F2F7777772E6F6D672E6F72672F737065632F44442F32303130303532342F44432220786D6C6E733A63616D756E64613D22687474703A2F2F63616D756E64612E6F72672F736368656D612F312E302F62706D6E2220786D6C6E733A64693D22687474703A2F2F7777772E6F6D672E6F72672F737065632F44442F32303130303532342F4449222069643D2273616D706C652D6469616772616D22207461726765744E616D6573706163653D22687474703A2F2F62706D6E2E696F2F736368656D612F62706D6E22207873693A736368656D614C6F636174696F6E3D22687474703A2F2F7777772E6F6D672E6F72672F737065632F42504D4E2F32303130303532342F4D4F44454C2042504D4E32302E787364223E0A20203C62706D6E323A70726F636573732069643D2250726F636573735F3122206E616D653D2261646D696EE6B581E7A88B2220697345786563757461626C653D2274727565222063616D756E64613A76657273696F6E5461673D22313030223E0A202020203C62706D6E323A73746172744576656E742069643D2253746172744576656E745F3122206E616D653D22E5BC80E5A78B223E0A2020202020203C62706D6E323A6F7574676F696E673E466C6F775F306C66346A70723C2F62706D6E323A6F7574676F696E673E0A202020203C2F62706D6E323A73746172744576656E743E0A202020203C62706D6E323A73657175656E6365466C6F772069643D22466C6F775F306C66346A70722220736F757263655265663D2253746172744576656E745F3122207461726765745265663D2241637469766974795F306B6E6970387122202F3E0A202020203C62706D6E323A757365725461736B2069643D2241637469766974795F306B6E6970387122206E616D653D2274657374E4BBBBE58AA1222063616D756E64613A61737369676E65653D2274657374223E0A2020202020203C62706D6E323A696E636F6D696E673E466C6F775F306C66346A70723C2F62706D6E323A696E636F6D696E673E0A2020202020203C62706D6E323A6F7574676F696E673E466C6F775F313069756575333C2F62706D6E323A6F7574676F696E673E0A202020203C2F62706D6E323A757365725461736B3E0A202020203C62706D6E323A656E644576656E742069643D224576656E745F316E6C326F756122206E616D653D22E7BB93E69D9F223E0A2020202020203C62706D6E323A696E636F6D696E673E466C6F775F313069756575333C2F62706D6E323A696E636F6D696E673E0A202020203C2F62706D6E323A656E644576656E743E0A202020203C62706D6E323A73657175656E6365466C6F772069643D22466C6F775F313069756575332220736F757263655265663D2241637469766974795F306B6E6970387122207461726765745265663D224576656E745F316E6C326F756122202F3E0A20203C2F62706D6E323A70726F636573733E0A20203C62706D6E64693A42504D4E4469616772616D2069643D2242504D4E4469616772616D5F31223E0A202020203C62706D6E64693A42504D4E506C616E652069643D2242504D4E506C616E655F31222062706D6E456C656D656E743D2250726F636573735F31223E0A2020202020203C62706D6E64693A42504D4E456467652069643D22466C6F775F306C66346A70725F6469222062706D6E456C656D656E743D22466C6F775F306C66346A7072223E0A20202020202020203C64693A776179706F696E7420783D223232382220793D2231303022202F3E0A20202020202020203C64693A776179706F696E7420783D223238302220793D2231303022202F3E0A2020202020203C2F62706D6E64693A42504D4E456467653E0A2020202020203C62706D6E64693A42504D4E456467652069643D22466C6F775F313069756575335F6469222062706D6E456C656D656E743D22466C6F775F31306975657533223E0A20202020202020203C64693A776179706F696E7420783D223338302220793D2231303022202F3E0A20202020202020203C64693A776179706F696E7420783D223433322220793D2231303022202F3E0A2020202020203C2F62706D6E64693A42504D4E456467653E0A2020202020203C62706D6E64693A42504D4E53686170652069643D225F42504D4E53686170655F53746172744576656E745F32222062706D6E456C656D656E743D2253746172744576656E745F31223E0A20202020202020203C64633A426F756E647320783D223139322220793D223832222077696474683D22333622206865696768743D22333622202F3E0A20202020202020203C62706D6E64693A42504D4E4C6162656C3E0A202020202020202020203C64633A426F756E647320783D223139392220793D22313235222077696474683D22323222206865696768743D22313422202F3E0A20202020202020203C2F62706D6E64693A42504D4E4C6162656C3E0A2020202020203C2F62706D6E64693A42504D4E53686170653E0A2020202020203C62706D6E64693A42504D4E53686170652069643D2241637469766974795F317175667576765F6469222062706D6E456C656D656E743D2241637469766974795F306B6E69703871223E0A20202020202020203C64633A426F756E647320783D223238302220793D223630222077696474683D2231303022206865696768743D22383022202F3E0A2020202020203C2F62706D6E64693A42504D4E53686170653E0A2020202020203C62706D6E64693A42504D4E53686170652069643D224576656E745F316E6C326F75615F6469222062706D6E456C656D656E743D224576656E745F316E6C326F7561223E0A20202020202020203C64633A426F756E647320783D223433322220793D223832222077696474683D22333622206865696768743D22333622202F3E0A20202020202020203C62706D6E64693A42504D4E4C6162656C3E0A202020202020202020203C64633A426F756E647320783D223433392220793D22313235222077696474683D22323222206865696768743D22313422202F3E0A20202020202020203C2F62706D6E64693A42504D4E4C6162656C3E0A2020202020203C2F62706D6E64693A42504D4E53686170653E0A202020203C2F62706D6E64693A42504D4E506C616E653E0A20203C2F62706D6E64693A42504D4E4469616772616D3E0A3C2F62706D6E323A646566696E6974696F6E733E0A, '0');

-- ----------------------------
-- Table structure for act_ge_property
-- ----------------------------
DROP TABLE IF EXISTS `act_ge_property`;
CREATE TABLE `act_ge_property` (
  `NAME_` varchar(64) CHARACTER SET utf8 COLLATE utf8_bin NOT NULL,
  `VALUE_` varchar(300) CHARACTER SET utf8 COLLATE utf8_bin DEFAULT NULL,
  `REV_` int(11) DEFAULT NULL,
  PRIMARY KEY (`NAME_`)
) ENGINE=InnoDB DEFAULT CHARSET=utf8 COLLATE=utf8_bin;

-- ----------------------------
-- Records of act_ge_property
-- ----------------------------
INSERT INTO `act_ge_property` VALUES ('cfg.execution-related-entities-count', 'false', '1');
INSERT INTO `act_ge_property` VALUES ('next.dbid', '1', '1');
INSERT INTO `act_ge_property` VALUES ('schema.history', 'create(7.1.0-M6)', '1');
INSERT INTO `act_ge_property` VALUES ('schema.version', '7.1.0-M6', '1');

-- ----------------------------
-- Table structure for act_hi_actinst
-- ----------------------------
DROP TABLE IF EXISTS `act_hi_actinst`;
CREATE TABLE `act_hi_actinst` (
  `ID_` varchar(64) CHARACTER SET utf8 COLLATE utf8_bin NOT NULL,
  `PROC_DEF_ID_` varchar(64) CHARACTER SET utf8 COLLATE utf8_bin NOT NULL,
  `PROC_INST_ID_` varchar(64) CHARACTER SET utf8 COLLATE utf8_bin NOT NULL,
  `EXECUTION_ID_` varchar(64) CHARACTER SET utf8 COLLATE utf8_bin NOT NULL,
  `ACT_ID_` varchar(255) CHARACTER SET utf8 COLLATE utf8_bin NOT NULL,
  `TASK_ID_` varchar(64) CHARACTER SET utf8 COLLATE utf8_bin DEFAULT NULL,
  `CALL_PROC_INST_ID_` varchar(64) CHARACTER SET utf8 COLLATE utf8_bin DEFAULT NULL,
  `ACT_NAME_` varchar(255) CHARACTER SET utf8 COLLATE utf8_bin DEFAULT NULL,
  `ACT_TYPE_` varchar(255) CHARACTER SET utf8 COLLATE utf8_bin NOT NULL,
  `ASSIGNEE_` varchar(255) CHARACTER SET utf8 COLLATE utf8_bin DEFAULT NULL,
  `START_TIME_` datetime(3) NOT NULL,
  `END_TIME_` datetime(3) DEFAULT NULL,
  `DURATION_` bigint(20) DEFAULT NULL,
  `DELETE_REASON_` varchar(4000) CHARACTER SET utf8 COLLATE utf8_bin DEFAULT NULL,
  `TENANT_ID_` varchar(255) CHARACTER SET utf8 COLLATE utf8_bin DEFAULT '',
  PRIMARY KEY (`ID_`),
  KEY `ACT_IDX_HI_ACT_INST_START` (`START_TIME_`),
  KEY `ACT_IDX_HI_ACT_INST_END` (`END_TIME_`),
  KEY `ACT_IDX_HI_ACT_INST_PROCINST` (`PROC_INST_ID_`,`ACT_ID_`),
  KEY `ACT_IDX_HI_ACT_INST_EXEC` (`EXECUTION_ID_`,`ACT_ID_`)
) ENGINE=InnoDB DEFAULT CHARSET=utf8 COLLATE=utf8_bin;

-- ----------------------------
-- Records of act_hi_actinst
-- ----------------------------
INSERT INTO `act_hi_actinst` VALUES ('b66dd4a3-a669-11eb-81aa-8cec4bcf93aa', 'Process_1:1:b193c3df-a669-11eb-81aa-8cec4bcf93aa', 'b66dd4a0-a669-11eb-81aa-8cec4bcf93aa', 'b66dd4a2-a669-11eb-81aa-8cec4bcf93aa', 'StartEvent_1', null, null, '开始', 'startEvent', null, '2021-04-26 16:30:52.736', '2021-04-26 16:30:52.736', '0', null, '');
INSERT INTO `act_hi_actinst` VALUES ('b66dd4a4-a669-11eb-81aa-8cec4bcf93aa', 'Process_1:1:b193c3df-a669-11eb-81aa-8cec4bcf93aa', 'b66dd4a0-a669-11eb-81aa-8cec4bcf93aa', 'b66dd4a2-a669-11eb-81aa-8cec4bcf93aa', 'Activity_0knip8q', 'b6728f95-a669-11eb-81aa-8cec4bcf93aa', null, 'test任务', 'userTask', null, '2021-04-26 16:30:52.736', null, null, null, '');

-- ----------------------------
-- Table structure for act_hi_attachment
-- ----------------------------
DROP TABLE IF EXISTS `act_hi_attachment`;
CREATE TABLE `act_hi_attachment` (
  `ID_` varchar(64) CHARACTER SET utf8 COLLATE utf8_bin NOT NULL,
  `REV_` int(11) DEFAULT NULL,
  `USER_ID_` varchar(255) CHARACTER SET utf8 COLLATE utf8_bin DEFAULT NULL,
  `NAME_` varchar(255) CHARACTER SET utf8 COLLATE utf8_bin DEFAULT NULL,
  `DESCRIPTION_` varchar(4000) CHARACTER SET utf8 COLLATE utf8_bin DEFAULT NULL,
  `TYPE_` varchar(255) CHARACTER SET utf8 COLLATE utf8_bin DEFAULT NULL,
  `TASK_ID_` varchar(64) CHARACTER SET utf8 COLLATE utf8_bin DEFAULT NULL,
  `PROC_INST_ID_` varchar(64) CHARACTER SET utf8 COLLATE utf8_bin DEFAULT NULL,
  `URL_` varchar(4000) CHARACTER SET utf8 COLLATE utf8_bin DEFAULT NULL,
  `CONTENT_ID_` varchar(64) CHARACTER SET utf8 COLLATE utf8_bin DEFAULT NULL,
  `TIME_` datetime(3) DEFAULT NULL,
  PRIMARY KEY (`ID_`)
) ENGINE=InnoDB DEFAULT CHARSET=utf8 COLLATE=utf8_bin;

-- ----------------------------
-- Records of act_hi_attachment
-- ----------------------------

-- ----------------------------
-- Table structure for act_hi_comment
-- ----------------------------
DROP TABLE IF EXISTS `act_hi_comment`;
CREATE TABLE `act_hi_comment` (
  `ID_` varchar(64) CHARACTER SET utf8 COLLATE utf8_bin NOT NULL,
  `TYPE_` varchar(255) CHARACTER SET utf8 COLLATE utf8_bin DEFAULT NULL,
  `TIME_` datetime(3) NOT NULL,
  `USER_ID_` varchar(255) CHARACTER SET utf8 COLLATE utf8_bin DEFAULT NULL,
  `TASK_ID_` varchar(64) CHARACTER SET utf8 COLLATE utf8_bin DEFAULT NULL,
  `PROC_INST_ID_` varchar(64) CHARACTER SET utf8 COLLATE utf8_bin DEFAULT NULL,
  `ACTION_` varchar(255) CHARACTER SET utf8 COLLATE utf8_bin DEFAULT NULL,
  `MESSAGE_` varchar(4000) CHARACTER SET utf8 COLLATE utf8_bin DEFAULT NULL,
  `FULL_MSG_` longblob,
  PRIMARY KEY (`ID_`)
) ENGINE=InnoDB DEFAULT CHARSET=utf8 COLLATE=utf8_bin;

-- ----------------------------
-- Records of act_hi_comment
-- ----------------------------

-- ----------------------------
-- Table structure for act_hi_detail
-- ----------------------------
DROP TABLE IF EXISTS `act_hi_detail`;
CREATE TABLE `act_hi_detail` (
  `ID_` varchar(64) CHARACTER SET utf8 COLLATE utf8_bin NOT NULL,
  `TYPE_` varchar(255) CHARACTER SET utf8 COLLATE utf8_bin NOT NULL,
  `PROC_INST_ID_` varchar(64) CHARACTER SET utf8 COLLATE utf8_bin DEFAULT NULL,
  `EXECUTION_ID_` varchar(64) CHARACTER SET utf8 COLLATE utf8_bin DEFAULT NULL,
  `TASK_ID_` varchar(64) CHARACTER SET utf8 COLLATE utf8_bin DEFAULT NULL,
  `ACT_INST_ID_` varchar(64) CHARACTER SET utf8 COLLATE utf8_bin DEFAULT NULL,
  `NAME_` varchar(255) CHARACTER SET utf8 COLLATE utf8_bin NOT NULL,
  `VAR_TYPE_` varchar(255) CHARACTER SET utf8 COLLATE utf8_bin DEFAULT NULL,
  `REV_` int(11) DEFAULT NULL,
  `TIME_` datetime(3) NOT NULL,
  `BYTEARRAY_ID_` varchar(64) CHARACTER SET utf8 COLLATE utf8_bin DEFAULT NULL,
  `DOUBLE_` double DEFAULT NULL,
  `LONG_` bigint(20) DEFAULT NULL,
  `TEXT_` varchar(4000) CHARACTER SET utf8 COLLATE utf8_bin DEFAULT NULL,
  `TEXT2_` varchar(4000) CHARACTER SET utf8 COLLATE utf8_bin DEFAULT NULL,
  PRIMARY KEY (`ID_`),
  KEY `ACT_IDX_HI_DETAIL_PROC_INST` (`PROC_INST_ID_`),
  KEY `ACT_IDX_HI_DETAIL_ACT_INST` (`ACT_INST_ID_`),
  KEY `ACT_IDX_HI_DETAIL_TIME` (`TIME_`),
  KEY `ACT_IDX_HI_DETAIL_NAME` (`NAME_`),
  KEY `ACT_IDX_HI_DETAIL_TASK_ID` (`TASK_ID_`)
) ENGINE=InnoDB DEFAULT CHARSET=utf8 COLLATE=utf8_bin;

-- ----------------------------
-- Records of act_hi_detail
-- ----------------------------

-- ----------------------------
-- Table structure for act_hi_identitylink
-- ----------------------------
DROP TABLE IF EXISTS `act_hi_identitylink`;
CREATE TABLE `act_hi_identitylink` (
  `ID_` varchar(64) CHARACTER SET utf8 COLLATE utf8_bin NOT NULL,
  `GROUP_ID_` varchar(255) CHARACTER SET utf8 COLLATE utf8_bin DEFAULT NULL,
  `TYPE_` varchar(255) CHARACTER SET utf8 COLLATE utf8_bin DEFAULT NULL,
  `USER_ID_` varchar(255) CHARACTER SET utf8 COLLATE utf8_bin DEFAULT NULL,
  `TASK_ID_` varchar(64) CHARACTER SET utf8 COLLATE utf8_bin DEFAULT NULL,
  `PROC_INST_ID_` varchar(64) CHARACTER SET utf8 COLLATE utf8_bin DEFAULT NULL,
  PRIMARY KEY (`ID_`),
  KEY `ACT_IDX_HI_IDENT_LNK_USER` (`USER_ID_`),
  KEY `ACT_IDX_HI_IDENT_LNK_TASK` (`TASK_ID_`),
  KEY `ACT_IDX_HI_IDENT_LNK_PROCINST` (`PROC_INST_ID_`)
) ENGINE=InnoDB DEFAULT CHARSET=utf8 COLLATE=utf8_bin;

-- ----------------------------
-- Records of act_hi_identitylink
-- ----------------------------
INSERT INTO `act_hi_identitylink` VALUES ('b66dd4a1-a669-11eb-81aa-8cec4bcf93aa', null, 'starter', 'admin', null, 'b66dd4a0-a669-11eb-81aa-8cec4bcf93aa');

-- ----------------------------
-- Table structure for act_hi_procinst
-- ----------------------------
DROP TABLE IF EXISTS `act_hi_procinst`;
CREATE TABLE `act_hi_procinst` (
  `ID_` varchar(64) CHARACTER SET utf8 COLLATE utf8_bin NOT NULL,
  `PROC_INST_ID_` varchar(64) CHARACTER SET utf8 COLLATE utf8_bin NOT NULL,
  `BUSINESS_KEY_` varchar(255) CHARACTER SET utf8 COLLATE utf8_bin DEFAULT NULL,
  `PROC_DEF_ID_` varchar(64) CHARACTER SET utf8 COLLATE utf8_bin NOT NULL,
  `START_TIME_` datetime(3) NOT NULL,
  `END_TIME_` datetime(3) DEFAULT NULL,
  `DURATION_` bigint(20) DEFAULT NULL,
  `START_USER_ID_` varchar(255) CHARACTER SET utf8 COLLATE utf8_bin DEFAULT NULL,
  `START_ACT_ID_` varchar(255) CHARACTER SET utf8 COLLATE utf8_bin DEFAULT NULL,
  `END_ACT_ID_` varchar(255) CHARACTER SET utf8 COLLATE utf8_bin DEFAULT NULL,
  `SUPER_PROCESS_INSTANCE_ID_` varchar(64) CHARACTER SET utf8 COLLATE utf8_bin DEFAULT NULL,
  `DELETE_REASON_` varchar(4000) CHARACTER SET utf8 COLLATE utf8_bin DEFAULT NULL,
  `TENANT_ID_` varchar(255) CHARACTER SET utf8 COLLATE utf8_bin DEFAULT '',
  `NAME_` varchar(255) CHARACTER SET utf8 COLLATE utf8_bin DEFAULT NULL,
  PRIMARY KEY (`ID_`),
  UNIQUE KEY `PROC_INST_ID_` (`PROC_INST_ID_`),
  KEY `ACT_IDX_HI_PRO_INST_END` (`END_TIME_`),
  KEY `ACT_IDX_HI_PRO_I_BUSKEY` (`BUSINESS_KEY_`)
) ENGINE=InnoDB DEFAULT CHARSET=utf8 COLLATE=utf8_bin;

-- ----------------------------
-- Records of act_hi_procinst
-- ----------------------------
INSERT INTO `act_hi_procinst` VALUES ('b66dd4a0-a669-11eb-81aa-8cec4bcf93aa', 'b66dd4a0-a669-11eb-81aa-8cec4bcf93aa', '自定义BusinessKey', 'Process_1:1:b193c3df-a669-11eb-81aa-8cec4bcf93aa', '2021-04-26 16:30:52.736', null, null, 'admin', 'StartEvent_1', null, null, null, '', 'admin流程');

-- ----------------------------
-- Table structure for act_hi_taskinst
-- ----------------------------
DROP TABLE IF EXISTS `act_hi_taskinst`;
CREATE TABLE `act_hi_taskinst` (
  `ID_` varchar(64) CHARACTER SET utf8 COLLATE utf8_bin NOT NULL,
  `PROC_DEF_ID_` varchar(64) CHARACTER SET utf8 COLLATE utf8_bin DEFAULT NULL,
  `TASK_DEF_KEY_` varchar(255) CHARACTER SET utf8 COLLATE utf8_bin DEFAULT NULL,
  `PROC_INST_ID_` varchar(64) CHARACTER SET utf8 COLLATE utf8_bin DEFAULT NULL,
  `EXECUTION_ID_` varchar(64) CHARACTER SET utf8 COLLATE utf8_bin DEFAULT NULL,
  `NAME_` varchar(255) CHARACTER SET utf8 COLLATE utf8_bin DEFAULT NULL,
  `PARENT_TASK_ID_` varchar(64) CHARACTER SET utf8 COLLATE utf8_bin DEFAULT NULL,
  `DESCRIPTION_` varchar(4000) CHARACTER SET utf8 COLLATE utf8_bin DEFAULT NULL,
  `OWNER_` varchar(255) CHARACTER SET utf8 COLLATE utf8_bin DEFAULT NULL,
  `ASSIGNEE_` varchar(255) CHARACTER SET utf8 COLLATE utf8_bin DEFAULT NULL,
  `START_TIME_` datetime(3) NOT NULL,
  `CLAIM_TIME_` datetime(3) DEFAULT NULL,
  `END_TIME_` datetime(3) DEFAULT NULL,
  `DURATION_` bigint(20) DEFAULT NULL,
  `DELETE_REASON_` varchar(4000) CHARACTER SET utf8 COLLATE utf8_bin DEFAULT NULL,
  `PRIORITY_` int(11) DEFAULT NULL,
  `DUE_DATE_` datetime(3) DEFAULT NULL,
  `FORM_KEY_` varchar(255) CHARACTER SET utf8 COLLATE utf8_bin DEFAULT NULL,
  `CATEGORY_` varchar(255) CHARACTER SET utf8 COLLATE utf8_bin DEFAULT NULL,
  `TENANT_ID_` varchar(255) CHARACTER SET utf8 COLLATE utf8_bin DEFAULT '',
  PRIMARY KEY (`ID_`),
  KEY `ACT_IDX_HI_TASK_INST_PROCINST` (`PROC_INST_ID_`)
) ENGINE=InnoDB DEFAULT CHARSET=utf8 COLLATE=utf8_bin;

-- ----------------------------
-- Records of act_hi_taskinst
-- ----------------------------
INSERT INTO `act_hi_taskinst` VALUES ('b6728f95-a669-11eb-81aa-8cec4bcf93aa', 'Process_1:1:b193c3df-a669-11eb-81aa-8cec4bcf93aa', 'Activity_0knip8q', 'b66dd4a0-a669-11eb-81aa-8cec4bcf93aa', 'b66dd4a2-a669-11eb-81aa-8cec4bcf93aa', 'test任务', null, null, null, null, '2021-04-26 16:30:52.768', null, null, null, null, '50', null, null, null, '');

-- ----------------------------
-- Table structure for act_hi_varinst
-- ----------------------------
DROP TABLE IF EXISTS `act_hi_varinst`;
CREATE TABLE `act_hi_varinst` (
  `ID_` varchar(64) CHARACTER SET utf8 COLLATE utf8_bin NOT NULL,
  `PROC_INST_ID_` varchar(64) CHARACTER SET utf8 COLLATE utf8_bin DEFAULT NULL,
  `EXECUTION_ID_` varchar(64) CHARACTER SET utf8 COLLATE utf8_bin DEFAULT NULL,
  `TASK_ID_` varchar(64) CHARACTER SET utf8 COLLATE utf8_bin DEFAULT NULL,
  `NAME_` varchar(255) CHARACTER SET utf8 COLLATE utf8_bin NOT NULL,
  `VAR_TYPE_` varchar(100) CHARACTER SET utf8 COLLATE utf8_bin DEFAULT NULL,
  `REV_` int(11) DEFAULT NULL,
  `BYTEARRAY_ID_` varchar(64) CHARACTER SET utf8 COLLATE utf8_bin DEFAULT NULL,
  `DOUBLE_` double DEFAULT NULL,
  `LONG_` bigint(20) DEFAULT NULL,
  `TEXT_` varchar(4000) CHARACTER SET utf8 COLLATE utf8_bin DEFAULT NULL,
  `TEXT2_` varchar(4000) CHARACTER SET utf8 COLLATE utf8_bin DEFAULT NULL,
  `CREATE_TIME_` datetime(3) DEFAULT NULL,
  `LAST_UPDATED_TIME_` datetime(3) DEFAULT NULL,
  PRIMARY KEY (`ID_`),
  KEY `ACT_IDX_HI_PROCVAR_PROC_INST` (`PROC_INST_ID_`),
  KEY `ACT_IDX_HI_PROCVAR_NAME_TYPE` (`NAME_`,`VAR_TYPE_`),
  KEY `ACT_IDX_HI_PROCVAR_TASK_ID` (`TASK_ID_`)
) ENGINE=InnoDB DEFAULT CHARSET=utf8 COLLATE=utf8_bin;

-- ----------------------------
-- Records of act_hi_varinst
-- ----------------------------

-- ----------------------------
-- Table structure for act_procdef_info
-- ----------------------------
DROP TABLE IF EXISTS `act_procdef_info`;
CREATE TABLE `act_procdef_info` (
  `ID_` varchar(64) CHARACTER SET utf8 COLLATE utf8_bin NOT NULL,
  `PROC_DEF_ID_` varchar(64) CHARACTER SET utf8 COLLATE utf8_bin NOT NULL,
  `REV_` int(11) DEFAULT NULL,
  `INFO_JSON_ID_` varchar(64) CHARACTER SET utf8 COLLATE utf8_bin DEFAULT NULL,
  PRIMARY KEY (`ID_`),
  UNIQUE KEY `ACT_UNIQ_INFO_PROCDEF` (`PROC_DEF_ID_`),
  KEY `ACT_IDX_INFO_PROCDEF` (`PROC_DEF_ID_`),
  KEY `ACT_FK_INFO_JSON_BA` (`INFO_JSON_ID_`),
  CONSTRAINT `ACT_FK_INFO_JSON_BA` FOREIGN KEY (`INFO_JSON_ID_`) REFERENCES `act_ge_bytearray` (`id_`),
  CONSTRAINT `ACT_FK_INFO_PROCDEF` FOREIGN KEY (`PROC_DEF_ID_`) REFERENCES `act_re_procdef` (`id_`)
) ENGINE=InnoDB DEFAULT CHARSET=utf8 COLLATE=utf8_bin;

-- ----------------------------
-- Records of act_procdef_info
-- ----------------------------

-- ----------------------------
-- Table structure for act_re_deployment
-- ----------------------------
DROP TABLE IF EXISTS `act_re_deployment`;
CREATE TABLE `act_re_deployment` (
  `ID_` varchar(64) CHARACTER SET utf8 COLLATE utf8_bin NOT NULL,
  `NAME_` varchar(255) CHARACTER SET utf8 COLLATE utf8_bin DEFAULT NULL,
  `CATEGORY_` varchar(255) CHARACTER SET utf8 COLLATE utf8_bin DEFAULT NULL,
  `KEY_` varchar(255) CHARACTER SET utf8 COLLATE utf8_bin DEFAULT NULL,
  `TENANT_ID_` varchar(255) CHARACTER SET utf8 COLLATE utf8_bin DEFAULT '',
  `DEPLOY_TIME_` timestamp(3) NULL DEFAULT NULL,
  `ENGINE_VERSION_` varchar(255) CHARACTER SET utf8 COLLATE utf8_bin DEFAULT NULL,
  `VERSION_` int(11) DEFAULT '1',
  `PROJECT_RELEASE_VERSION_` varchar(255) CHARACTER SET utf8 COLLATE utf8_bin DEFAULT NULL,
  PRIMARY KEY (`ID_`)
) ENGINE=InnoDB DEFAULT CHARSET=utf8 COLLATE=utf8_bin;

-- ----------------------------
-- Records of act_re_deployment
-- ----------------------------
INSERT INTO `act_re_deployment` VALUES ('b19104bd-a669-11eb-81aa-8cec4bcf93aa', '在线部署名称', null, null, '', '2021-04-26 16:30:44.577', null, '1', '1');

-- ----------------------------
-- Table structure for act_re_model
-- ----------------------------
DROP TABLE IF EXISTS `act_re_model`;
CREATE TABLE `act_re_model` (
  `ID_` varchar(64) CHARACTER SET utf8 COLLATE utf8_bin NOT NULL,
  `REV_` int(11) DEFAULT NULL,
  `NAME_` varchar(255) CHARACTER SET utf8 COLLATE utf8_bin DEFAULT NULL,
  `KEY_` varchar(255) CHARACTER SET utf8 COLLATE utf8_bin DEFAULT NULL,
  `CATEGORY_` varchar(255) CHARACTER SET utf8 COLLATE utf8_bin DEFAULT NULL,
  `CREATE_TIME_` timestamp(3) NULL DEFAULT NULL,
  `LAST_UPDATE_TIME_` timestamp(3) NULL DEFAULT NULL,
  `VERSION_` int(11) DEFAULT NULL,
  `META_INFO_` varchar(4000) CHARACTER SET utf8 COLLATE utf8_bin DEFAULT NULL,
  `DEPLOYMENT_ID_` varchar(64) CHARACTER SET utf8 COLLATE utf8_bin DEFAULT NULL,
  `EDITOR_SOURCE_VALUE_ID_` varchar(64) CHARACTER SET utf8 COLLATE utf8_bin DEFAULT NULL,
  `EDITOR_SOURCE_EXTRA_VALUE_ID_` varchar(64) CHARACTER SET utf8 COLLATE utf8_bin DEFAULT NULL,
  `TENANT_ID_` varchar(255) CHARACTER SET utf8 COLLATE utf8_bin DEFAULT '',
  PRIMARY KEY (`ID_`),
  KEY `ACT_FK_MODEL_SOURCE` (`EDITOR_SOURCE_VALUE_ID_`),
  KEY `ACT_FK_MODEL_SOURCE_EXTRA` (`EDITOR_SOURCE_EXTRA_VALUE_ID_`),
  KEY `ACT_FK_MODEL_DEPLOYMENT` (`DEPLOYMENT_ID_`),
  CONSTRAINT `ACT_FK_MODEL_DEPLOYMENT` FOREIGN KEY (`DEPLOYMENT_ID_`) REFERENCES `act_re_deployment` (`id_`),
  CONSTRAINT `ACT_FK_MODEL_SOURCE` FOREIGN KEY (`EDITOR_SOURCE_VALUE_ID_`) REFERENCES `act_ge_bytearray` (`id_`),
  CONSTRAINT `ACT_FK_MODEL_SOURCE_EXTRA` FOREIGN KEY (`EDITOR_SOURCE_EXTRA_VALUE_ID_`) REFERENCES `act_ge_bytearray` (`id_`)
) ENGINE=InnoDB DEFAULT CHARSET=utf8 COLLATE=utf8_bin;

-- ----------------------------
-- Records of act_re_model
-- ----------------------------

-- ----------------------------
-- Table structure for act_re_procdef
-- ----------------------------
DROP TABLE IF EXISTS `act_re_procdef`;
CREATE TABLE `act_re_procdef` (
  `ID_` varchar(64) CHARACTER SET utf8 COLLATE utf8_bin NOT NULL,
  `REV_` int(11) DEFAULT NULL,
  `CATEGORY_` varchar(255) CHARACTER SET utf8 COLLATE utf8_bin DEFAULT NULL,
  `NAME_` varchar(255) CHARACTER SET utf8 COLLATE utf8_bin DEFAULT NULL,
  `KEY_` varchar(255) CHARACTER SET utf8 COLLATE utf8_bin NOT NULL,
  `VERSION_` int(11) NOT NULL,
  `DEPLOYMENT_ID_` varchar(64) CHARACTER SET utf8 COLLATE utf8_bin DEFAULT NULL,
  `RESOURCE_NAME_` varchar(4000) CHARACTER SET utf8 COLLATE utf8_bin DEFAULT NULL,
  `DGRM_RESOURCE_NAME_` varchar(4000) CHARACTER SET utf8 COLLATE utf8_bin DEFAULT NULL,
  `DESCRIPTION_` varchar(4000) CHARACTER SET utf8 COLLATE utf8_bin DEFAULT NULL,
  `HAS_START_FORM_KEY_` tinyint(4) DEFAULT NULL,
  `HAS_GRAPHICAL_NOTATION_` tinyint(4) DEFAULT NULL,
  `SUSPENSION_STATE_` int(11) DEFAULT NULL,
  `TENANT_ID_` varchar(255) CHARACTER SET utf8 COLLATE utf8_bin DEFAULT '',
  `ENGINE_VERSION_` varchar(255) CHARACTER SET utf8 COLLATE utf8_bin DEFAULT NULL,
  `APP_VERSION_` int(11) DEFAULT NULL,
  PRIMARY KEY (`ID_`),
  UNIQUE KEY `ACT_UNIQ_PROCDEF` (`KEY_`,`VERSION_`,`TENANT_ID_`)
) ENGINE=InnoDB DEFAULT CHARSET=utf8 COLLATE=utf8_bin;

-- ----------------------------
-- Records of act_re_procdef
-- ----------------------------
INSERT INTO `act_re_procdef` VALUES ('Process_1:1:b193c3df-a669-11eb-81aa-8cec4bcf93aa', '1', 'http://bpmn.io/schema/bpmn', 'admin流程', 'Process_1', '1', 'b19104bd-a669-11eb-81aa-8cec4bcf93aa', 'CreateWithBPMNJS.bpmn', null, null, '0', '1', '1', '', null, '1');

-- ----------------------------
-- Table structure for act_ru_deadletter_job
-- ----------------------------
DROP TABLE IF EXISTS `act_ru_deadletter_job`;
CREATE TABLE `act_ru_deadletter_job` (
  `ID_` varchar(64) CHARACTER SET utf8 COLLATE utf8_bin NOT NULL,
  `REV_` int(11) DEFAULT NULL,
  `TYPE_` varchar(255) CHARACTER SET utf8 COLLATE utf8_bin NOT NULL,
  `EXCLUSIVE_` tinyint(1) DEFAULT NULL,
  `EXECUTION_ID_` varchar(64) CHARACTER SET utf8 COLLATE utf8_bin DEFAULT NULL,
  `PROCESS_INSTANCE_ID_` varchar(64) CHARACTER SET utf8 COLLATE utf8_bin DEFAULT NULL,
  `PROC_DEF_ID_` varchar(64) CHARACTER SET utf8 COLLATE utf8_bin DEFAULT NULL,
  `EXCEPTION_STACK_ID_` varchar(64) CHARACTER SET utf8 COLLATE utf8_bin DEFAULT NULL,
  `EXCEPTION_MSG_` varchar(4000) CHARACTER SET utf8 COLLATE utf8_bin DEFAULT NULL,
  `DUEDATE_` timestamp(3) NULL DEFAULT NULL,
  `REPEAT_` varchar(255) CHARACTER SET utf8 COLLATE utf8_bin DEFAULT NULL,
  `HANDLER_TYPE_` varchar(255) CHARACTER SET utf8 COLLATE utf8_bin DEFAULT NULL,
  `HANDLER_CFG_` varchar(4000) CHARACTER SET utf8 COLLATE utf8_bin DEFAULT NULL,
  `TENANT_ID_` varchar(255) CHARACTER SET utf8 COLLATE utf8_bin DEFAULT '',
  PRIMARY KEY (`ID_`),
  KEY `ACT_FK_DEADLETTER_JOB_EXECUTION` (`EXECUTION_ID_`),
  KEY `ACT_FK_DEADLETTER_JOB_PROCESS_INSTANCE` (`PROCESS_INSTANCE_ID_`),
  KEY `ACT_FK_DEADLETTER_JOB_PROC_DEF` (`PROC_DEF_ID_`),
  KEY `ACT_FK_DEADLETTER_JOB_EXCEPTION` (`EXCEPTION_STACK_ID_`),
  CONSTRAINT `ACT_FK_DEADLETTER_JOB_EXCEPTION` FOREIGN KEY (`EXCEPTION_STACK_ID_`) REFERENCES `act_ge_bytearray` (`id_`),
  CONSTRAINT `ACT_FK_DEADLETTER_JOB_EXECUTION` FOREIGN KEY (`EXECUTION_ID_`) REFERENCES `act_ru_execution` (`id_`),
  CONSTRAINT `ACT_FK_DEADLETTER_JOB_PROCESS_INSTANCE` FOREIGN KEY (`PROCESS_INSTANCE_ID_`) REFERENCES `act_ru_execution` (`id_`),
  CONSTRAINT `ACT_FK_DEADLETTER_JOB_PROC_DEF` FOREIGN KEY (`PROC_DEF_ID_`) REFERENCES `act_re_procdef` (`id_`)
) ENGINE=InnoDB DEFAULT CHARSET=utf8 COLLATE=utf8_bin;

-- ----------------------------
-- Records of act_ru_deadletter_job
-- ----------------------------

-- ----------------------------
-- Table structure for act_ru_event_subscr
-- ----------------------------
DROP TABLE IF EXISTS `act_ru_event_subscr`;
CREATE TABLE `act_ru_event_subscr` (
  `ID_` varchar(64) CHARACTER SET utf8 COLLATE utf8_bin NOT NULL,
  `REV_` int(11) DEFAULT NULL,
  `EVENT_TYPE_` varchar(255) CHARACTER SET utf8 COLLATE utf8_bin NOT NULL,
  `EVENT_NAME_` varchar(255) CHARACTER SET utf8 COLLATE utf8_bin DEFAULT NULL,
  `EXECUTION_ID_` varchar(64) CHARACTER SET utf8 COLLATE utf8_bin DEFAULT NULL,
  `PROC_INST_ID_` varchar(64) CHARACTER SET utf8 COLLATE utf8_bin DEFAULT NULL,
  `ACTIVITY_ID_` varchar(64) CHARACTER SET utf8 COLLATE utf8_bin DEFAULT NULL,
  `CONFIGURATION_` varchar(255) CHARACTER SET utf8 COLLATE utf8_bin DEFAULT NULL,
  `CREATED_` timestamp(3) NOT NULL DEFAULT CURRENT_TIMESTAMP(3),
  `PROC_DEF_ID_` varchar(64) CHARACTER SET utf8 COLLATE utf8_bin DEFAULT NULL,
  `TENANT_ID_` varchar(255) CHARACTER SET utf8 COLLATE utf8_bin DEFAULT '',
  PRIMARY KEY (`ID_`),
  KEY `ACT_IDX_EVENT_SUBSCR_CONFIG_` (`CONFIGURATION_`),
  KEY `ACT_FK_EVENT_EXEC` (`EXECUTION_ID_`),
  CONSTRAINT `ACT_FK_EVENT_EXEC` FOREIGN KEY (`EXECUTION_ID_`) REFERENCES `act_ru_execution` (`id_`)
) ENGINE=InnoDB DEFAULT CHARSET=utf8 COLLATE=utf8_bin;

-- ----------------------------
-- Records of act_ru_event_subscr
-- ----------------------------

-- ----------------------------
-- Table structure for act_ru_execution
-- ----------------------------
DROP TABLE IF EXISTS `act_ru_execution`;
CREATE TABLE `act_ru_execution` (
  `ID_` varchar(64) CHARACTER SET utf8 COLLATE utf8_bin NOT NULL,
  `REV_` int(11) DEFAULT NULL,
  `PROC_INST_ID_` varchar(64) CHARACTER SET utf8 COLLATE utf8_bin DEFAULT NULL,
  `BUSINESS_KEY_` varchar(255) CHARACTER SET utf8 COLLATE utf8_bin DEFAULT NULL,
  `PARENT_ID_` varchar(64) CHARACTER SET utf8 COLLATE utf8_bin DEFAULT NULL,
  `PROC_DEF_ID_` varchar(64) CHARACTER SET utf8 COLLATE utf8_bin DEFAULT NULL,
  `SUPER_EXEC_` varchar(64) CHARACTER SET utf8 COLLATE utf8_bin DEFAULT NULL,
  `ROOT_PROC_INST_ID_` varchar(64) CHARACTER SET utf8 COLLATE utf8_bin DEFAULT NULL,
  `ACT_ID_` varchar(255) CHARACTER SET utf8 COLLATE utf8_bin DEFAULT NULL,
  `IS_ACTIVE_` tinyint(4) DEFAULT NULL,
  `IS_CONCURRENT_` tinyint(4) DEFAULT NULL,
  `IS_SCOPE_` tinyint(4) DEFAULT NULL,
  `IS_EVENT_SCOPE_` tinyint(4) DEFAULT NULL,
  `IS_MI_ROOT_` tinyint(4) DEFAULT NULL,
  `SUSPENSION_STATE_` int(11) DEFAULT NULL,
  `CACHED_ENT_STATE_` int(11) DEFAULT NULL,
  `TENANT_ID_` varchar(255) CHARACTER SET utf8 COLLATE utf8_bin DEFAULT '',
  `NAME_` varchar(255) CHARACTER SET utf8 COLLATE utf8_bin DEFAULT NULL,
  `START_TIME_` datetime(3) DEFAULT NULL,
  `START_USER_ID_` varchar(255) CHARACTER SET utf8 COLLATE utf8_bin DEFAULT NULL,
  `LOCK_TIME_` timestamp(3) NULL DEFAULT NULL,
  `IS_COUNT_ENABLED_` tinyint(4) DEFAULT NULL,
  `EVT_SUBSCR_COUNT_` int(11) DEFAULT NULL,
  `TASK_COUNT_` int(11) DEFAULT NULL,
  `JOB_COUNT_` int(11) DEFAULT NULL,
  `TIMER_JOB_COUNT_` int(11) DEFAULT NULL,
  `SUSP_JOB_COUNT_` int(11) DEFAULT NULL,
  `DEADLETTER_JOB_COUNT_` int(11) DEFAULT NULL,
  `VAR_COUNT_` int(11) DEFAULT NULL,
  `ID_LINK_COUNT_` int(11) DEFAULT NULL,
  `APP_VERSION_` int(11) DEFAULT NULL,
  PRIMARY KEY (`ID_`),
  KEY `ACT_IDX_EXEC_BUSKEY` (`BUSINESS_KEY_`),
  KEY `ACT_IDC_EXEC_ROOT` (`ROOT_PROC_INST_ID_`),
  KEY `ACT_FK_EXE_PROCINST` (`PROC_INST_ID_`),
  KEY `ACT_FK_EXE_PARENT` (`PARENT_ID_`),
  KEY `ACT_FK_EXE_SUPER` (`SUPER_EXEC_`),
  KEY `ACT_FK_EXE_PROCDEF` (`PROC_DEF_ID_`),
  CONSTRAINT `ACT_FK_EXE_PARENT` FOREIGN KEY (`PARENT_ID_`) REFERENCES `act_ru_execution` (`id_`) ON DELETE CASCADE,
  CONSTRAINT `ACT_FK_EXE_PROCDEF` FOREIGN KEY (`PROC_DEF_ID_`) REFERENCES `act_re_procdef` (`id_`),
  CONSTRAINT `ACT_FK_EXE_PROCINST` FOREIGN KEY (`PROC_INST_ID_`) REFERENCES `act_ru_execution` (`id_`) ON DELETE CASCADE ON UPDATE CASCADE,
  CONSTRAINT `ACT_FK_EXE_SUPER` FOREIGN KEY (`SUPER_EXEC_`) REFERENCES `act_ru_execution` (`id_`) ON DELETE CASCADE
) ENGINE=InnoDB DEFAULT CHARSET=utf8 COLLATE=utf8_bin;

-- ----------------------------
-- Records of act_ru_execution
-- ----------------------------
INSERT INTO `act_ru_execution` VALUES ('b66dd4a0-a669-11eb-81aa-8cec4bcf93aa', '5', 'b66dd4a0-a669-11eb-81aa-8cec4bcf93aa', '自定义BusinessKey', null, 'Process_1:1:b193c3df-a669-11eb-81aa-8cec4bcf93aa', null, 'b66dd4a0-a669-11eb-81aa-8cec4bcf93aa', null, '1', '0', '1', '0', '0', '1', null, '', 'admin流程', '2021-04-26 16:30:52.736', 'admin', null, '0', '0', '0', '0', '0', '0', '0', '0', '0', '1');
INSERT INTO `act_ru_execution` VALUES ('b66dd4a2-a669-11eb-81aa-8cec4bcf93aa', '5', 'b66dd4a0-a669-11eb-81aa-8cec4bcf93aa', null, 'b66dd4a0-a669-11eb-81aa-8cec4bcf93aa', 'Process_1:1:b193c3df-a669-11eb-81aa-8cec4bcf93aa', null, 'b66dd4a0-a669-11eb-81aa-8cec4bcf93aa', 'Activity_0knip8q', '1', '0', '0', '0', '0', '1', null, '', null, '2021-04-26 16:30:52.736', null, null, '0', '0', '0', '0', '0', '0', '0', '0', '0', '1');

-- ----------------------------
-- Table structure for act_ru_identitylink
-- ----------------------------
DROP TABLE IF EXISTS `act_ru_identitylink`;
CREATE TABLE `act_ru_identitylink` (
  `ID_` varchar(64) CHARACTER SET utf8 COLLATE utf8_bin NOT NULL,
  `REV_` int(11) DEFAULT NULL,
  `GROUP_ID_` varchar(255) CHARACTER SET utf8 COLLATE utf8_bin DEFAULT NULL,
  `TYPE_` varchar(255) CHARACTER SET utf8 COLLATE utf8_bin DEFAULT NULL,
  `USER_ID_` varchar(255) CHARACTER SET utf8 COLLATE utf8_bin DEFAULT NULL,
  `TASK_ID_` varchar(64) CHARACTER SET utf8 COLLATE utf8_bin DEFAULT NULL,
  `PROC_INST_ID_` varchar(64) CHARACTER SET utf8 COLLATE utf8_bin DEFAULT NULL,
  `PROC_DEF_ID_` varchar(64) CHARACTER SET utf8 COLLATE utf8_bin DEFAULT NULL,
  PRIMARY KEY (`ID_`),
  KEY `ACT_IDX_IDENT_LNK_USER` (`USER_ID_`),
  KEY `ACT_IDX_IDENT_LNK_GROUP` (`GROUP_ID_`),
  KEY `ACT_IDX_ATHRZ_PROCEDEF` (`PROC_DEF_ID_`),
  KEY `ACT_FK_TSKASS_TASK` (`TASK_ID_`),
  KEY `ACT_FK_IDL_PROCINST` (`PROC_INST_ID_`),
  CONSTRAINT `ACT_FK_ATHRZ_PROCEDEF` FOREIGN KEY (`PROC_DEF_ID_`) REFERENCES `act_re_procdef` (`id_`),
  CONSTRAINT `ACT_FK_IDL_PROCINST` FOREIGN KEY (`PROC_INST_ID_`) REFERENCES `act_ru_execution` (`id_`),
  CONSTRAINT `ACT_FK_TSKASS_TASK` FOREIGN KEY (`TASK_ID_`) REFERENCES `act_ru_task` (`id_`)
) ENGINE=InnoDB DEFAULT CHARSET=utf8 COLLATE=utf8_bin;

-- ----------------------------
-- Records of act_ru_identitylink
-- ----------------------------
INSERT INTO `act_ru_identitylink` VALUES ('b66dd4a1-a669-11eb-81aa-8cec4bcf93aa', '1', null, 'starter', 'admin', null, 'b66dd4a0-a669-11eb-81aa-8cec4bcf93aa', null);

-- ----------------------------
-- Table structure for act_ru_integration
-- ----------------------------
DROP TABLE IF EXISTS `act_ru_integration`;
CREATE TABLE `act_ru_integration` (
  `ID_` varchar(64) CHARACTER SET utf8 COLLATE utf8_bin NOT NULL,
  `EXECUTION_ID_` varchar(64) CHARACTER SET utf8 COLLATE utf8_bin DEFAULT NULL,
  `PROCESS_INSTANCE_ID_` varchar(64) CHARACTER SET utf8 COLLATE utf8_bin DEFAULT NULL,
  `PROC_DEF_ID_` varchar(64) CHARACTER SET utf8 COLLATE utf8_bin DEFAULT NULL,
  `FLOW_NODE_ID_` varchar(64) CHARACTER SET utf8 COLLATE utf8_bin DEFAULT NULL,
  `CREATED_DATE_` timestamp(3) NOT NULL DEFAULT CURRENT_TIMESTAMP(3) ON UPDATE CURRENT_TIMESTAMP(3),
  PRIMARY KEY (`ID_`),
  KEY `ACT_FK_INT_EXECUTION` (`EXECUTION_ID_`),
  KEY `ACT_FK_INT_PROC_INST` (`PROCESS_INSTANCE_ID_`),
  KEY `ACT_FK_INT_PROC_DEF` (`PROC_DEF_ID_`),
  CONSTRAINT `ACT_FK_INT_EXECUTION` FOREIGN KEY (`EXECUTION_ID_`) REFERENCES `act_ru_execution` (`id_`) ON DELETE CASCADE,
  CONSTRAINT `ACT_FK_INT_PROC_DEF` FOREIGN KEY (`PROC_DEF_ID_`) REFERENCES `act_re_procdef` (`id_`),
  CONSTRAINT `ACT_FK_INT_PROC_INST` FOREIGN KEY (`PROCESS_INSTANCE_ID_`) REFERENCES `act_ru_execution` (`id_`)
) ENGINE=InnoDB DEFAULT CHARSET=utf8 COLLATE=utf8_bin;

-- ----------------------------
-- Records of act_ru_integration
-- ----------------------------

-- ----------------------------
-- Table structure for act_ru_job
-- ----------------------------
DROP TABLE IF EXISTS `act_ru_job`;
CREATE TABLE `act_ru_job` (
  `ID_` varchar(64) CHARACTER SET utf8 COLLATE utf8_bin NOT NULL,
  `REV_` int(11) DEFAULT NULL,
  `TYPE_` varchar(255) CHARACTER SET utf8 COLLATE utf8_bin NOT NULL,
  `LOCK_EXP_TIME_` timestamp(3) NULL DEFAULT NULL,
  `LOCK_OWNER_` varchar(255) CHARACTER SET utf8 COLLATE utf8_bin DEFAULT NULL,
  `EXCLUSIVE_` tinyint(1) DEFAULT NULL,
  `EXECUTION_ID_` varchar(64) CHARACTER SET utf8 COLLATE utf8_bin DEFAULT NULL,
  `PROCESS_INSTANCE_ID_` varchar(64) CHARACTER SET utf8 COLLATE utf8_bin DEFAULT NULL,
  `PROC_DEF_ID_` varchar(64) CHARACTER SET utf8 COLLATE utf8_bin DEFAULT NULL,
  `RETRIES_` int(11) DEFAULT NULL,
  `EXCEPTION_STACK_ID_` varchar(64) CHARACTER SET utf8 COLLATE utf8_bin DEFAULT NULL,
  `EXCEPTION_MSG_` varchar(4000) CHARACTER SET utf8 COLLATE utf8_bin DEFAULT NULL,
  `DUEDATE_` timestamp(3) NULL DEFAULT NULL,
  `REPEAT_` varchar(255) CHARACTER SET utf8 COLLATE utf8_bin DEFAULT NULL,
  `HANDLER_TYPE_` varchar(255) CHARACTER SET utf8 COLLATE utf8_bin DEFAULT NULL,
  `HANDLER_CFG_` varchar(4000) CHARACTER SET utf8 COLLATE utf8_bin DEFAULT NULL,
  `TENANT_ID_` varchar(255) CHARACTER SET utf8 COLLATE utf8_bin DEFAULT '',
  PRIMARY KEY (`ID_`),
  KEY `ACT_FK_JOB_EXECUTION` (`EXECUTION_ID_`),
  KEY `ACT_FK_JOB_PROCESS_INSTANCE` (`PROCESS_INSTANCE_ID_`),
  KEY `ACT_FK_JOB_PROC_DEF` (`PROC_DEF_ID_`),
  KEY `ACT_FK_JOB_EXCEPTION` (`EXCEPTION_STACK_ID_`),
  CONSTRAINT `ACT_FK_JOB_EXCEPTION` FOREIGN KEY (`EXCEPTION_STACK_ID_`) REFERENCES `act_ge_bytearray` (`id_`),
  CONSTRAINT `ACT_FK_JOB_EXECUTION` FOREIGN KEY (`EXECUTION_ID_`) REFERENCES `act_ru_execution` (`id_`),
  CONSTRAINT `ACT_FK_JOB_PROCESS_INSTANCE` FOREIGN KEY (`PROCESS_INSTANCE_ID_`) REFERENCES `act_ru_execution` (`id_`),
  CONSTRAINT `ACT_FK_JOB_PROC_DEF` FOREIGN KEY (`PROC_DEF_ID_`) REFERENCES `act_re_procdef` (`id_`)
) ENGINE=InnoDB DEFAULT CHARSET=utf8 COLLATE=utf8_bin;

-- ----------------------------
-- Records of act_ru_job
-- ----------------------------

-- ----------------------------
-- Table structure for act_ru_suspended_job
-- ----------------------------
DROP TABLE IF EXISTS `act_ru_suspended_job`;
CREATE TABLE `act_ru_suspended_job` (
  `ID_` varchar(64) CHARACTER SET utf8 COLLATE utf8_bin NOT NULL,
  `REV_` int(11) DEFAULT NULL,
  `TYPE_` varchar(255) CHARACTER SET utf8 COLLATE utf8_bin NOT NULL,
  `EXCLUSIVE_` tinyint(1) DEFAULT NULL,
  `EXECUTION_ID_` varchar(64) CHARACTER SET utf8 COLLATE utf8_bin DEFAULT NULL,
  `PROCESS_INSTANCE_ID_` varchar(64) CHARACTER SET utf8 COLLATE utf8_bin DEFAULT NULL,
  `PROC_DEF_ID_` varchar(64) CHARACTER SET utf8 COLLATE utf8_bin DEFAULT NULL,
  `RETRIES_` int(11) DEFAULT NULL,
  `EXCEPTION_STACK_ID_` varchar(64) CHARACTER SET utf8 COLLATE utf8_bin DEFAULT NULL,
  `EXCEPTION_MSG_` varchar(4000) CHARACTER SET utf8 COLLATE utf8_bin DEFAULT NULL,
  `DUEDATE_` timestamp(3) NULL DEFAULT NULL,
  `REPEAT_` varchar(255) CHARACTER SET utf8 COLLATE utf8_bin DEFAULT NULL,
  `HANDLER_TYPE_` varchar(255) CHARACTER SET utf8 COLLATE utf8_bin DEFAULT NULL,
  `HANDLER_CFG_` varchar(4000) CHARACTER SET utf8 COLLATE utf8_bin DEFAULT NULL,
  `TENANT_ID_` varchar(255) CHARACTER SET utf8 COLLATE utf8_bin DEFAULT '',
  PRIMARY KEY (`ID_`),
  KEY `ACT_FK_SUSPENDED_JOB_EXECUTION` (`EXECUTION_ID_`),
  KEY `ACT_FK_SUSPENDED_JOB_PROCESS_INSTANCE` (`PROCESS_INSTANCE_ID_`),
  KEY `ACT_FK_SUSPENDED_JOB_PROC_DEF` (`PROC_DEF_ID_`),
  KEY `ACT_FK_SUSPENDED_JOB_EXCEPTION` (`EXCEPTION_STACK_ID_`),
  CONSTRAINT `ACT_FK_SUSPENDED_JOB_EXCEPTION` FOREIGN KEY (`EXCEPTION_STACK_ID_`) REFERENCES `act_ge_bytearray` (`id_`),
  CONSTRAINT `ACT_FK_SUSPENDED_JOB_EXECUTION` FOREIGN KEY (`EXECUTION_ID_`) REFERENCES `act_ru_execution` (`id_`),
  CONSTRAINT `ACT_FK_SUSPENDED_JOB_PROCESS_INSTANCE` FOREIGN KEY (`PROCESS_INSTANCE_ID_`) REFERENCES `act_ru_execution` (`id_`),
  CONSTRAINT `ACT_FK_SUSPENDED_JOB_PROC_DEF` FOREIGN KEY (`PROC_DEF_ID_`) REFERENCES `act_re_procdef` (`id_`)
) ENGINE=InnoDB DEFAULT CHARSET=utf8 COLLATE=utf8_bin;

-- ----------------------------
-- Records of act_ru_suspended_job
-- ----------------------------

-- ----------------------------
-- Table structure for act_ru_task
-- ----------------------------
DROP TABLE IF EXISTS `act_ru_task`;
CREATE TABLE `act_ru_task` (
  `ID_` varchar(64) CHARACTER SET utf8 COLLATE utf8_bin NOT NULL,
  `REV_` int(11) DEFAULT NULL,
  `EXECUTION_ID_` varchar(64) CHARACTER SET utf8 COLLATE utf8_bin DEFAULT NULL,
  `PROC_INST_ID_` varchar(64) CHARACTER SET utf8 COLLATE utf8_bin DEFAULT NULL,
  `PROC_DEF_ID_` varchar(64) CHARACTER SET utf8 COLLATE utf8_bin DEFAULT NULL,
  `NAME_` varchar(255) CHARACTER SET utf8 COLLATE utf8_bin DEFAULT NULL,
  `BUSINESS_KEY_` varchar(255) CHARACTER SET utf8 COLLATE utf8_bin DEFAULT NULL,
  `PARENT_TASK_ID_` varchar(64) CHARACTER SET utf8 COLLATE utf8_bin DEFAULT NULL,
  `DESCRIPTION_` varchar(4000) CHARACTER SET utf8 COLLATE utf8_bin DEFAULT NULL,
  `TASK_DEF_KEY_` varchar(255) CHARACTER SET utf8 COLLATE utf8_bin DEFAULT NULL,
  `OWNER_` varchar(255) CHARACTER SET utf8 COLLATE utf8_bin DEFAULT NULL,
  `ASSIGNEE_` varchar(255) CHARACTER SET utf8 COLLATE utf8_bin DEFAULT NULL,
  `DELEGATION_` varchar(64) CHARACTER SET utf8 COLLATE utf8_bin DEFAULT NULL,
  `PRIORITY_` int(11) DEFAULT NULL,
  `CREATE_TIME_` timestamp(3) NULL DEFAULT NULL,
  `DUE_DATE_` datetime(3) DEFAULT NULL,
  `CATEGORY_` varchar(255) CHARACTER SET utf8 COLLATE utf8_bin DEFAULT NULL,
  `SUSPENSION_STATE_` int(11) DEFAULT NULL,
  `TENANT_ID_` varchar(255) CHARACTER SET utf8 COLLATE utf8_bin DEFAULT '',
  `FORM_KEY_` varchar(255) CHARACTER SET utf8 COLLATE utf8_bin DEFAULT NULL,
  `CLAIM_TIME_` datetime(3) DEFAULT NULL,
  `APP_VERSION_` int(11) DEFAULT NULL,
  PRIMARY KEY (`ID_`),
  KEY `ACT_IDX_TASK_CREATE` (`CREATE_TIME_`),
  KEY `ACT_FK_TASK_EXE` (`EXECUTION_ID_`),
  KEY `ACT_FK_TASK_PROCINST` (`PROC_INST_ID_`),
  KEY `ACT_FK_TASK_PROCDEF` (`PROC_DEF_ID_`),
  CONSTRAINT `ACT_FK_TASK_EXE` FOREIGN KEY (`EXECUTION_ID_`) REFERENCES `act_ru_execution` (`id_`),
  CONSTRAINT `ACT_FK_TASK_PROCDEF` FOREIGN KEY (`PROC_DEF_ID_`) REFERENCES `act_re_procdef` (`id_`),
  CONSTRAINT `ACT_FK_TASK_PROCINST` FOREIGN KEY (`PROC_INST_ID_`) REFERENCES `act_ru_execution` (`id_`)
) ENGINE=InnoDB DEFAULT CHARSET=utf8 COLLATE=utf8_bin;

-- ----------------------------
-- Records of act_ru_task
-- ----------------------------
INSERT INTO `act_ru_task` VALUES ('b6728f95-a669-11eb-81aa-8cec4bcf93aa', '5', 'b66dd4a2-a669-11eb-81aa-8cec4bcf93aa', 'b66dd4a0-a669-11eb-81aa-8cec4bcf93aa', 'Process_1:1:b193c3df-a669-11eb-81aa-8cec4bcf93aa', 'test任务', '自定义BusinessKey', null, null, 'Activity_0knip8q', null, null, null, '50', '2021-04-26 16:30:52.736', null, null, '1', '', null, null, '1');

-- ----------------------------
-- Table structure for act_ru_timer_job
-- ----------------------------
DROP TABLE IF EXISTS `act_ru_timer_job`;
CREATE TABLE `act_ru_timer_job` (
  `ID_` varchar(64) CHARACTER SET utf8 COLLATE utf8_bin NOT NULL,
  `REV_` int(11) DEFAULT NULL,
  `TYPE_` varchar(255) CHARACTER SET utf8 COLLATE utf8_bin NOT NULL,
  `LOCK_EXP_TIME_` timestamp(3) NULL DEFAULT NULL,
  `LOCK_OWNER_` varchar(255) CHARACTER SET utf8 COLLATE utf8_bin DEFAULT NULL,
  `EXCLUSIVE_` tinyint(1) DEFAULT NULL,
  `EXECUTION_ID_` varchar(64) CHARACTER SET utf8 COLLATE utf8_bin DEFAULT NULL,
  `PROCESS_INSTANCE_ID_` varchar(64) CHARACTER SET utf8 COLLATE utf8_bin DEFAULT NULL,
  `PROC_DEF_ID_` varchar(64) CHARACTER SET utf8 COLLATE utf8_bin DEFAULT NULL,
  `RETRIES_` int(11) DEFAULT NULL,
  `EXCEPTION_STACK_ID_` varchar(64) CHARACTER SET utf8 COLLATE utf8_bin DEFAULT NULL,
  `EXCEPTION_MSG_` varchar(4000) CHARACTER SET utf8 COLLATE utf8_bin DEFAULT NULL,
  `DUEDATE_` timestamp(3) NULL DEFAULT NULL,
  `REPEAT_` varchar(255) CHARACTER SET utf8 COLLATE utf8_bin DEFAULT NULL,
  `HANDLER_TYPE_` varchar(255) CHARACTER SET utf8 COLLATE utf8_bin DEFAULT NULL,
  `HANDLER_CFG_` varchar(4000) CHARACTER SET utf8 COLLATE utf8_bin DEFAULT NULL,
  `TENANT_ID_` varchar(255) CHARACTER SET utf8 COLLATE utf8_bin DEFAULT '',
  PRIMARY KEY (`ID_`),
  KEY `ACT_FK_TIMER_JOB_EXECUTION` (`EXECUTION_ID_`),
  KEY `ACT_FK_TIMER_JOB_PROCESS_INSTANCE` (`PROCESS_INSTANCE_ID_`),
  KEY `ACT_FK_TIMER_JOB_PROC_DEF` (`PROC_DEF_ID_`),
  KEY `ACT_FK_TIMER_JOB_EXCEPTION` (`EXCEPTION_STACK_ID_`),
  CONSTRAINT `ACT_FK_TIMER_JOB_EXCEPTION` FOREIGN KEY (`EXCEPTION_STACK_ID_`) REFERENCES `act_ge_bytearray` (`id_`),
  CONSTRAINT `ACT_FK_TIMER_JOB_EXECUTION` FOREIGN KEY (`EXECUTION_ID_`) REFERENCES `act_ru_execution` (`id_`),
  CONSTRAINT `ACT_FK_TIMER_JOB_PROCESS_INSTANCE` FOREIGN KEY (`PROCESS_INSTANCE_ID_`) REFERENCES `act_ru_execution` (`id_`),
  CONSTRAINT `ACT_FK_TIMER_JOB_PROC_DEF` FOREIGN KEY (`PROC_DEF_ID_`) REFERENCES `act_re_procdef` (`id_`)
) ENGINE=InnoDB DEFAULT CHARSET=utf8 COLLATE=utf8_bin;

-- ----------------------------
-- Records of act_ru_timer_job
-- ----------------------------

-- ----------------------------
-- Table structure for act_ru_variable
-- ----------------------------
DROP TABLE IF EXISTS `act_ru_variable`;
CREATE TABLE `act_ru_variable` (
  `ID_` varchar(64) CHARACTER SET utf8 COLLATE utf8_bin NOT NULL,
  `REV_` int(11) DEFAULT NULL,
  `TYPE_` varchar(255) CHARACTER SET utf8 COLLATE utf8_bin NOT NULL,
  `NAME_` varchar(255) CHARACTER SET utf8 COLLATE utf8_bin NOT NULL,
  `EXECUTION_ID_` varchar(64) CHARACTER SET utf8 COLLATE utf8_bin DEFAULT NULL,
  `PROC_INST_ID_` varchar(64) CHARACTER SET utf8 COLLATE utf8_bin DEFAULT NULL,
  `TASK_ID_` varchar(64) CHARACTER SET utf8 COLLATE utf8_bin DEFAULT NULL,
  `BYTEARRAY_ID_` varchar(64) CHARACTER SET utf8 COLLATE utf8_bin DEFAULT NULL,
  `DOUBLE_` double DEFAULT NULL,
  `LONG_` bigint(20) DEFAULT NULL,
  `TEXT_` varchar(4000) CHARACTER SET utf8 COLLATE utf8_bin DEFAULT NULL,
  `TEXT2_` varchar(4000) CHARACTER SET utf8 COLLATE utf8_bin DEFAULT NULL,
  PRIMARY KEY (`ID_`),
  KEY `ACT_IDX_VARIABLE_TASK_ID` (`TASK_ID_`),
  KEY `ACT_FK_VAR_EXE` (`EXECUTION_ID_`),
  KEY `ACT_FK_VAR_PROCINST` (`PROC_INST_ID_`),
  KEY `ACT_FK_VAR_BYTEARRAY` (`BYTEARRAY_ID_`),
  CONSTRAINT `ACT_FK_VAR_BYTEARRAY` FOREIGN KEY (`BYTEARRAY_ID_`) REFERENCES `act_ge_bytearray` (`id_`),
  CONSTRAINT `ACT_FK_VAR_EXE` FOREIGN KEY (`EXECUTION_ID_`) REFERENCES `act_ru_execution` (`id_`),
  CONSTRAINT `ACT_FK_VAR_PROCINST` FOREIGN KEY (`PROC_INST_ID_`) REFERENCES `act_ru_execution` (`id_`)
) ENGINE=InnoDB DEFAULT CHARSET=utf8 COLLATE=utf8_bin;

-- ----------------------------
-- Records of act_ru_variable
-- ----------------------------
